IDLibro,Titolo,Autori,Casa_Editrice,Luogo_stampa,Anno_Pubblicazione,ISBN,Lingua,Genere,Data_Cat,Volumi,Numero
1AO23,"Odo voci","Ableman Paul",Feltrinelli,Parigi,1958,,Italiano,Realistico,2023-02-08,,1
2AL23,"Le ragioni del bene e del male","Alberoni Francesco","Garzanti Editore",Milano,1979,,Italiano,Realistico,2023-02-08,,2
3AU23,"Una donna","Aleramo Sibilla",Feltrinelli,,1990,8807810360,Italiano,Realistico,2023-03-01,Unico,3
4AD23,"Dall'isonzo al Pave","Alessi Rino","Arnoldo Mondadori Editore",,1966,,Italiano,Realistico,2023-02-08,,4
5AF23,Filippo,"Alfieri Vittorio",Garzanti,Italia,1990,8811584159,Italiano,Realistico,2023-02-08,,5
6AD23,"D'amore e ombra","Allende Isabel",Feltrinelli,Milano,1985,8807810212,Italiano,Realistico,2023-02-08,,6
7AP23,Paula,"Allende Isabel",Feltrinelli,Milano,1994,8481304565,Italiano,Realistico,2023-02-08,,7
8AV23,"Vita Nuova","Alighieri Dante",Feltrinelli,Milano,1993,8807820722,italiano,Realistico,2023-02-08,,8
9DI23,"Il sergente Delle milizie","De almeida Manoel Antonio","Fratelli bocca Editori",Milano,1954,,Italiano,Realistico,2023-02-08,,9
10AA23,"Agonia della notte","Amado Jorge","Giulio Einaudi Editore",Torino,1954,8022264717335,Italiano,Realistico,2023-02-08,,10
11AD23,"Dona Flor e I suoi due mariti","Amado Jorge","Garzanti Editore",Italia,1977,8481304786,Italiano,Realistico,2023-02-08,,11
12AD23,"Da via Panisperna all'America","Amaldi Edoardo",Riuiniti,Roma,1997,8835943722,Italiano,Realistico,2023-02-08,,12
13AB23,"Buonanotte Angelo","Alberti Barbara",Mondadori,Milano,1986,,Italiano,Realistico,2023-02-08,,13
14KP23,"Perche resti col Bang?","Kingsley Amis",Einaudi,Torino,1968,,Italiano,Realistico,2023-02-08,,14
15AI23,"Io e te","Ammaniti Niccolo",Einaudi,Torino,2010,9788806206802,Italiano,Realistico,2023-02-08,,15
16AI23,"Io non ho paura","Ammaniti Niccolò",Einaudi,Torino,2011,9788806207694,Italiano,Realistico,2023-02-08,,16
17AT23,"Ti prendo e ti porto via","Ammaniti Niccolo",Mondadori,Milano,1999,8804476796,Italiano,Realistico,2023-02-08,,17
18AL23,"Lazzaro e altre novelle",Andreev,"Passigli Editori",Milano,1999,36802567,Italiano,Realistico,2023-02-08,,18
19HI23,"I capolavori","Hamsun Knut	","Casini Editore",Firenze,1996,,Italiano,Raccolta,2023-03-01,Unico,19
20HL23,L'ambulante,"Handke Peter",Feltrinelli,Milano,1993,8807811561,Italiano,Giallo/Thriller,2023-03-01,Unico,20
21EL23,"L'anima dell'Indiano","Eastman Charles","Adelphi Edizioni",Milano,1983,,Italiano,Narrativa,2023-02-15,Unico,21
22HL23,"La donna mancina","Handke Peter",Garzanti,,1999,8497890094,Italiano,Narrativa,2023-03-01,Unico,22
23HI23,"Il palazzo del pavone","Harris Wilson",Einaudi,Torino,1989,8806114859,Italiano,Storico,2023-03-01,Unico,23
24HI23,"Il palazzo del pavone","Harris Wilson",Einaudi,Torino,1989,8806114859,Italiano,Storico,2023-03-01,Unico,24
25EI23,"Il nome della rosa","Eco Umberto","Gruppo editoriale Fabbri",Milano,1984,,Italiano,Storico,2023-02-15,Unico,25
26DL23,"La morte della pizia","Dürrenmatt Friedrich",Adelphi,Milano,1989,884590296,italiano,Narrativa,2023-02-15,Unico,26
27HU23,"Un volo di chiurli","Hart Maarten't","Marietti Editore","Casale Monteferrato",1984,882116165X,Italiano,Narrativa,2023-03-01,Unico,27
28HU23,"Un volo di chiurli","Hart Maarten't","Marietti Editore","Casale Monteferrato",1984,882116165X,Italiano,Narrativa,2023-03-01,Unico,28
29DT23,Tunc,"Durrel Lawrence",Feltrinelli,Milano,1969,,italiano,Fantastoria/Ucronia,2023-02-15,Unico,29
30EP23,"Pape Satàn aleppe","Eco Umberto","La nave di Teseo",Milano,2016,9788893440226,Italiano,Saggio,2023-02-15,Unico,30
31EI23,"I ragazzi hanno grandi sogni","Ehsani Alì,Casolo Francesco",Feltrinelli,Milano,2020,9788807894176,Italiano,Narrativa,2023-02-15,Unico,31
32EM23,"Mito e realtà","Eliade Mircea",Borla,Roma,1993,8826304238,Italiano,"Storia Locale",2023-02-15,Unico,32
33HA23,"A ciascuno la sua morte","Heinichen Veit ","E/O Editori",Roma,2005,8876417036,Italiano,Giallo/Thriller,2023-03-01,Unico,33
34EG23,"Giorno dopo giorno","Elkann Alain",Bompiani,Milano,2005,8845234908,Italiano,Narrativa,2023-02-15,Unico,34
35DL23,L'amante,"Duras Marguerite",Feltrinelli,Milano,1985,8870013045,italiano,Sentimentale/Rosa,2023-02-15,Unico,35
36HI23,"I morti del carso","Heinichen Veit","E/O Editori",Roma,2004,8876416226,Italiano,Giallo/Thriller,2023-03-01,Unico,36
37DL23,L'amante,"Duras Marguerite","La biblioteca di republica",Milano,2002,8481304869,italiano,Sentimentale/Rosa,2023-02-15,Unico,37
38HL23,"Le lunghe ombre della morte","Heinichen Veit","E/O Editori",Roma,2006,8876417400,Italiano,Giallo/Thriller,2023-03-01,Unico,38
39HL23,"Le lunghe ombre della morte","Heinichen Veit ","E/O Editori",Roma,2006,8876417400,Italiano,Giallo/Thriller,2023-03-01,Unico,39
40DL23,"La regina margot","Dumbas Alexandre","biblioteca universale rizzoli",Milano,1994,8817152080,italiano,Sentimentale/Rosa,2023-02-15,Unico,40
41EG23,"Gli aborigeni australiani","Elkin A.P.",Einaudi,Torino,1956,,Italiano,Storico,2023-02-15,Unico,41
42HT23,"Teoria dei sentimenti","Heller Agnes","Riuniti Editori",Roma,1980,,Italiano,Sentimentale/Rosa,2023-03-01,Unico,42
43HI23,"Il vecchio e il mare","Hemingway Ernest","Arnoldo Mondatori Editore",Milano,1989,8804325968,Italiano,Narrativa,2023-03-01,Unico,43
45HI23,"Il vecchio e il mare","Hemingway Ernest","Arnoldo Mondatori Editore",Milano,1952,848130449,Italiano,Narrativa,2023-03-01,Unico,45
46ED23,"Dalia Nera","Ellroy James","Gruppo editoriale L'Espresso ",Roma,2003,8496200280,Italiano,Storico,2023-02-15,Unico,46
47HF23,"Fiesta il sole sorge ancora","Hemingway Ernest","Newton Compton Editore",Roma,1989,,Italiano,Storico,2023-03-01,Unico,47
48HL23,"L'avventura dei fenici","Herm Gerhard",Garzanti,Italia,1981,,,Storico,2023-02-15,Unico,48
49DD23,"Difesa della natura","Duffey Eric","rizzoli editore",Milano,1971,,italiano,"Divulgazione Scientifica",2023-02-15,Unico,49
50DI23,"Il progetto della vita","Dulbecco Renato",Mondadori,Milano,1989,,italiano,"Divulgazione Scientifica",2023-02-15,Unico,50
51HA23,Amicizia,"Hesse Hermann","Bruno Mondadori",Milano,1999,8842431001,,Narrativa,2023-03-01,Unico,51
52HD23,Demian,"Hesse Hermann","Viviani Editore",Roma,1995,887993029X,Italiano,Narrativa,2023-03-01,Unico,52
53DL23,"Le grandi vie commerciali","Duché jean","rizzoli editore",Milano,1969,,italiano,"Divulgazione Scientifica",2023-02-15,Unico,53
54EI23,"Introduzione all'antropologia sociale","Evans-Pritchard Edward E.","Laterza editori",Londra,1975,,Italiano,Saggio,2023-02-15,Unico,54
55HI23,"Il lupo della steppa","Hesse Hermann","Arnoldo Mondadori Editore",Milano,1981,00170415,Italiano,Autobiografico,2023-03-01,Unico,55
56DL23,"Le cronache perdute dei re Maya","Drew David","edizioni piemme","Casale Monferrato",2001,8022264713214,italiano,"Divulgazione Scientifica",2023-02-15,Unico,56
57HS23,Siddharta,"Hesse Hermann","Adelphi Editore",Milano,1973,8481304484,Italiano,Narrativa,2023-03-01,Unico,57
58HL23,"La città è nostra","Heym Stefan","Riuniti Editori",,1957,,Italiano,Giallo/Thriller,2023-03-01,Unico,58
59EL23,"L'uomo che sussurrava ai cavalli","Evans Nicholas ","Libri & Grandi Opere",Milano,1995,,Italiano,Narrativa,2023-02-15,Unico,59
60DI23,"I demoni",Dostoevskij,Mondadori,Milano,1987,8804301678,italiano,Narrativa,2023-02-15,Unico,60
61DI23,"I demoni",Dostoevskij,Mondadori,Milano,1987,8804301678,italiano,Narrativa,2023-02-15,Unico,61
63HS23,"Saggio su pan","Hillman James","Adelphi Editore",Milano,1994,8845903362,Italiano,Saggio,2023-03-01,Unico,63
64DU23,"Umiliati e offesi",Dostoevskij,Mondadori,Milano,1987,8804516038,italiano,Narrativa,2023-02-15,Unico,64
65HD23,"Dottore in Cina","Horn J. S.","Loganesi & C. Editore",Milano,1969,,Italiano,Realistico,2023-02-15,Unico,65
66EN23,"Nel fuoco","Evans Nicholas ",Rizzoli,Milano,2001,8817117544,Italiano,Narrativa,2023-02-15,Unico,66
67DP23,"Povera gente",Dostoevskij,Sonzogno,Milano,1977,,italiano,Narrativa,2023-02-15,Unico,67
68HM23,"Mille splendidi soli","Hosseini Khaled",Mondadori,Milano,2018,8868367312,Italiano,Narrativa,2023-02-15,Unico,68
69HM23,"Mille splendidi soli","Hosseini Khaled",Mondadori,Milano,2018,8868367312,Italiano,Narrativa,2023-02-15,Unico,69
70EC23,"Crimine e personalità","Eysenk H.J.","Armando editore",Roma,1979,,Italiano,Narrativa,2023-02-15,Unico,70
71HI23,"Inserzioni per una casa in cui non voglio più abitare","Hrabal Bohumil ",Einaudi,Torino,1968,,Italiano,Storico,2023-03-01,Unico,71
72DL23,"Le notti bianche","Dostoevskij Fëdor ",Feltrinelli,Milano,2015,9788807901874,italiano,Narrativa,2023-02-15,Unico,72
73HL23,"Le origini di Cathleen","Hutchinson R. C.","Club degli editori",Milano,1975,,Italiano,Storico,2023-03-01,Unico,73
74Dr23,"ricordi dal sottosuolo","Dostoevskij Fëdor","rizzoli editore",Milano,1974,,italiano,Narrativa,2023-02-15,Unico,74
75HF23,"Foglie secche","Huxley Aldous","Giulio Einaudi Editore",,1957,,Italiano,Umoristico,2023-03-01,Unico,75
78MM23,"Mio fratello rincorre i dinosauri ","Mazzariol Giacomo","Giulio Enaudi ",Torino,2016,9788806229528,Italiani,Realistico,2023-02-21,Unico,78
81SG23,Ginster,"Siegtred Kracauer",Marietti,Torino,1984,,Italiano,Realistico,2023-03-01,Unico,81
83Wl23,"le affinità selettive","Wolfgang Goethe",Rizzoli,Torino,1978,,Italiano,Realistico,2023-03-01,Unico,83
84DI23,"I quaderni","Dolgorouki Varvàra",Rusconi,Milano,1976,,Italiano,Storico,2023-02-21,Unico,84
85DL23,"La fiera mondiale","Doctorow E.L.","Mondadori editore",Milano,1986,,Italiano,Autobiografia,2023-02-21,Unico,85
86MS23,"Selezione del libro","Michener,Stanton","Reader's Digest",Milano,1972,,Italiano,Raccolta,2023-02-21,1°,86
87AS23,"Selezione del libro","AA VV","Reader's Digest",Milano,1972,,Italiano,Raccolta,2023-02-21,1°,87
88AS23,"Selezione del libro","AA VV","Reader's Digest",Milano,1966,,Italiano,Raccolta,2023-02-21,2°,88
89AS23,"Selezione del libro","AA VV","Reader's Digest",Milano,1966,,Italiano,Realistico,2023-02-21,3°,89
90DI23,"Il dubbio","De Crescenzo Luciano","Mondadori editore",Milano,1992,,Italiano,Saggio,2023-02-21,Unico,90
91DN23,"Nessuno torna indietro","De Cèspedes Alba","Mondadori editore",Verona,1939,,Italiano,Narrativa,2023-02-21,Unico,91
92DO23,"Ordine e disordine","De Crescenzo Luciano","Mondadori editore",Milano,1996,8804415983,Italiano,Saggio,2023-02-21,Unico,92
93DT23,"Tale e quale","De Crescenzo Luciano","Mondadori editore",Milano,2001,8804490012,Italiano,Narrativa,2023-02-21,Unico,93
94DI23,"In alto a sinistra","De Luca Erri",Feltrinelli,Milano,2001,8807813483,Italiano,Narrativa,2023-02-21,Unico,94
95DI23,"Introduzione a Vittorini","De Nicola Francesco","Laterza editori",Bari,1993,8842042412,Italiano,Storico,2023-02-21,Unico,95
96DA23,"Altre prove di risposta","De Luca Erri","Libreria Dante & Descartes",Napoli,2000,8888142002,Italiano,Narrativa,2023-02-21,Unico,96
97DL23,"L'ultima arca","Di Cillo Romano","Progetto Cultura",Roma,2006,9788860920973,Italiano,Fantascienza,2023-02-21,Unico,97
98DA23,"A Christmas Carol","Dickens Charles ","Oxford University Press","Hong Kong",1994,0195852583,Inglese,Fiaba,2023-02-21,Unico,98
99DD23,"David Copperfield","Dickens Charles ",Garzanti,Italia,1982,8811519853,Italiano,Autobiografia,2023-02-21,Unico,99
100DL23,"Le cento pagine più belle","Dickens Charles ","Fannucci editore",Roma,2002,,Italiano,Raccolta,2023-02-21,Unico,100
101DN23,"Noi marziani","Dick Philip K.","Fannucci editore",Roma,2002,8834708806,Italiano,Fantascienza,2023-02-21,Unico,101
102DA23,"Avviamento alla etimologia italiana","Devoto Giacomo ","Oscar Studio Mondadori",Milano,1979,,Italiano,Saggio,2023-02-21,Unico,102
103DL23,"Lo scomunicatore","Dèry Tibor",Feltrinelli,Milano,1969,,Italiano,Autobiografico,2023-03-01,Unico,103
104AS23,"Selezione del libro","AA VV","Reader's Digest",Milano,1960,,Italiano,Raccolta,2023-02-21,Unico,104
105AI23,"I libri più belli di selezione","AA VV","Reader's Digest",Milano,1960,,Italiano,Raccolta,2023-02-21,Unico,105
106BS23,"Scusate signori del Palazzo","Bertuzzi Alberto",Euroclub,Milano,1979,,Italiano,Narrativa,2023-03-01,Unico,106
107BL23,"L'amore stregone","Bevilacqua Alberto","Arnoldo Mondadori Editore",Milano,2009,9788804602224,Italiano,Narrativa,2023-03-01,Unico,107
108BN23,"Napoli silenzi e grida","Bernari Carlo","Editori Riuniti",Roma,1977,,Italiano,"Storia Locale",2023-03-01,Unico,108
109BI23,"Il Terzo Reich dei sogni","Beradt Charlotte","Giulio Einaudi Editore",Torino,1991,8806125761,Italiano,Storico,2023-03-01,Unico,109
110ID23,"Doveva morire ","Imposimato Ferdinando e Provvisionato Sandro","Chiarelettere Editore",Milano,2008,8861900554,Italiano,Storico,2023-03-01,Unico,110
111II23,"Il mistero dei rovi","Innocenti Aurora","Aletti Editore",Roma,2010,8864984919,Italiano,Narrativa,2023-03-01,Unico,111
112BL23,"La scommessa della pace","Bello Don Tonino","San Paolo",Milano,2014,9788864672311,Italiano,Storico,2023-03-01,Unico,112
113BD23,"Disonora il padre","Biagi Enzo",Mondadori,Italia,1985,,Italiano,Narrativa,2023-03-01,Unico,113
114BR23,"Racconto di un secolo","Biagi Enzo",Rizzoli,Milano,1999,8817860905,Italiano,Storico,2023-03-01,Unico,114
"115 I23","Il mistero di rue des Saints-Pères"," Izner Claude","Nord editore",Milano,2006,8842914428,Italiano,Giallo/Thriller,2023-03-01,Unico,115
116BT23,"Testimone del tempo","Biagi Enzo","Società Editrice Internazionale",Torino,1971,,Italiano,Storico,2023-03-01,Unico,116
117IL23,"La violetta del prater","Isherwood Christopher",Mondadori,Novara,1987,,Italiano,Narrativa,2023-03-01,Unico,117
118BI23,"Ipazia d'Alessandria","Berretta Gemma","Editori Riuniti",Roma,1993,8835937698,Italiano,Storico,2023-03-01,Unico,118
119BL23,"La gloria","Berto Giuseppe","Arnoldo Mondadori Editore",Milano,1978,,Italiano,Narrativa,2023-03-01,Unico,119
121BL23,"L'immagine allo specchio","Bergman Ingmar","Giulio Einaudi Editore",Torino,1977,,Italiano,Dramma,2023-03-01,Unico,121
123BP23,Palestrina,"Bandiera Luigi","Terza Edizione",Roma,2005,,Italiano,Storico,2023-03-01,Unico,123
125BL23,"Lo squalo","Benchley Peter",Mondadori,Novara,1986,,Italiano,Horror,2023-03-01,Unico,125
126BH23,Herzog,"Bellow Saul","La biblioteca della Repubblica",Roma,2005,8481305391,Italiano,Narrativa,2023-03-01,Unico,126
127BI23,"Il pianeta di Mr Sammler","Bellow Saul",Feltrinelli,Milano,1981,,Italiano,Narrativa,2023-03-01,Unico,127
"128 M23","Morte in lista d'attesa"," Heinichen Veit","E/O Edizioni",Roma,2006,8876417486,Italiano,Narrativa,2023-03-01,Unico,128
130BL23,"La Compagnia dei Celestini","Benni Stefani","La biblioteca della Repubblica",Milano,2003,,Italiano,Narrativa,2023-03-01,Unico,130
131JL23,"La donna sensuale",J,"Sansoni Editore",Firenze,1971,,Italiano,Narrativa,2023-03-01,Unico,131
133BI23,"Il soccombente","Bernhard Thomas","La biblioteca della Repubblica",Milano,2003,8496142159,Italiano,Narrativa,2023-03-01,Unico,133
134AA23,"Auschwitz ero il numero 22C543","Awey Denis","Newton Compton",Roma,2021,9788854131958,Italiano,Autobiografia,2023-03-01,Unico,134
135JS23,"Su cose che si vedono nel cielo","Jung Gustav Carl",Bompiani,Milano,1958,,Italiano,Saggio,2023-03-01,Unico,135
136JU23,"Una poetica strumentale: Gabriele d'Annunzio","Jacomuzzi Angelo","Giulio Einaudi Editore",Torino,1974,,Italiano,Narrativa,2023-03-01,Unico,136
137JA23,"Autobiografia degli anni di mezzo","James Henry","Il Sole 24 ore",Milano,2011,,Italiano,Autobiografia,2023-03-01,Unico,137
"138 G23","Gente di Dublino"," Joyce James","Bruno Mondadori",Milano,2005,8842431125,Italiano,Narrativa,2023-03-01,Unico,138
139JI23,"Il carteggio Aspern","James Henry","La biblioteca di repubblica",Roma,2011,,Italiano,Narrativa,2023-03-01,Unico,139
140JD23,Dedalus,"Joyce James",Einaudi,Torino,1967,8806275658,Italiano,Autobiografia,2023-03-01,Unico,140
141JD23,Dedalus,"Joyce James",Einaudi,Torino,1967,8806275658,Italiano,Autobiografia,2023-03-01,Unico,141
143BI23,"Il romanzo di Tristano e Isotta","Bedier Joseph",Edisco,Torino,1999,88441153212,Italiano,Storico,2023-03-01,Unico,143
144JR23,"Ritratto di signora","James Henry","Giulio Einaudi Editore",Torino,1943,,Italiano,Narrativa,2023-03-01,Unico,144
145JS23,"Signora Ava","Jovine Francesco","Giulio Einaudi Editore",Torino,1967,8806275658,Italiano,Storico,2023-03-01,Unico,145
146JN23,"Notte fatale","Jelloun Ben Tahar","Einaudi tascabili",Torino,1993,8806131680,Italiano,Narrativa,2023-03-01,Unico,146
147JI23,"I figli di lucy","Johanson Donald e Shreeve James","Arnoldo Mondadori Editore",Milano,1990,,Italiano,Storico,2023-03-01,Unico,147
148JI23,"Il mondo conosciuto","Jones P. Edward",Bompiani,Milano,2005,8845234614,Italiano,Storico,2023-03-01,Unico,148
149BD23,"Dei delitti e delle pene","Beccaria Cesare",Feltrinelli,Milano,2000,8807820005,Italiano,Storico,2023-03-01,Unico,149
150BD23,"Dei delitti e delle pene","Beccaria Cesare",Feltrinelli,Milano,2003,8807820005,Italiano,Storico,2023-03-01,Unico,150
151JF23,"Futuro biologico","Jones Alun e Bodmer F. Walter","Boringhieri Editore",Torino,1979,,Italiano,Saggio,2023-03-01,Unico,151
152BG23,"Giulia 1300 e altri miracoli","Bartolomei Fabio","Edizioni E/O",Roma,2011,9788876419485,Italiano,"Narrativa, Umoristico",2023-03-07,Unico,152
153BL23,"L'odore del fieno","Bassani Giorgio","Arnoldo Mondadori Editore",,1972,,Italiano,Narrativa,2023-03-07,Unico,153
154BI23,"Il giardino dei Finzi-Contini","Bassani Giorgio","La biblioteca della Repubblica",Roma,2003,8497890086,Italiano,Storico,2023-03-07,Unico,154
155BF23,"Fine della strada","Barth John","Biblioteca Universale Rizzoli",,1976,,,Narrativa,2023-03-07,Unico,155
156BO23,"Oceano mare","Baricco Alessandro","La biblioteca della Repubblica",,2002,8496075761,Italiano,Narrativa,2023-03-07,Unico,156
157BO23,"Oceano mare","Baricco Alessandro","La biblioteca della Repubblica",,2002,8496075761,Italiano,Narrativa,2023-03-07,Unico,157
158BL23,"L'uomo del gulag","Bardach Janusz, Gleeson Kathleen",Mondadori,Milano,2001,,Italiano,"Autobiografia, Storico",2023-03-07,Unico,158
159BT23,Tanamera,"Barber Noel","Sperling & Kupfer",Milano,1982,,Italiano,"Narrativa, Sentimentale/Rosa",2023-03-07,Unico,159
160Bi23,"il rabdomante","Bacchelli Riccardo",Mondadori,,1961,,Italiano,Narrativa,2023-03-22,Unico,160
161AM23,"Memorie di un terrorista",Avner,Mondadori,,1960,,Italiano,Autobiografia,2023-03-07,Unico,161
162BI23,"Il deserto dei Tartari","Buzzati Dino","La biblioteca della Repubblica",,2002,8481304883,Italiano,Narrativa,2023-03-07,Unico,162
163BI23,"Il deserto dei Tartari","Buzzati Dino","La biblioteca della Repubblica",,2002,8481304883,Italiano,Narrativa,2023-03-07,Unico,163
164BB23,"Bàrnabo delle montagne","Buzzati Dino",Mondadori,Italia,2005,8804480963,Italiano,Narrativa,2023-03-07,Unico,164
165BN23,"Nati per amare","Buscaglia Leo",Mondadori,Milano,1993,,Italiano,"Divulgazione Scientifica",2023-03-22,Unico,165
166BP23,"Pasto Nudo","Burroghs William S.","La biblioteca della Repubblica",,2003,8497891503,Italiano,Fantascienza,2023-03-07,Unico,166
167BR23,"Romanzi e racconti",Bulgakov,"Grandi Tascabili Economici Newton",Milano,1974,8879837362,Italiano,Narrativa,2023-03-07,Unico,167
168BI23,"Il maestro e Margherita","Bulgakov Michail Afanas'evic","Biblioteca Economica Newton",Roma,1994,8879836315,Italiano,"Satira, Sentimentale/Rosa, Fantasy",2023-03-08,Unico,168
169BI23,"Il maestro e Margherita","Bulgakov Michail Afanas'evic","Giulio Einaudi Editore",Torino,2002,8481304573,Italiano,"Satira, Sentimentale/Rosa, Fantasy",2023-03-08,Unico,169
170BI23,"Il maestro e Margherita","Bulgakov Michail Afanas'evic","Giulio Einaudi Editore",Torino,2002,8481304573,Italiano,"Satira, Sentimentale/Rosa, Fantasy, Sentimentale/Rosa, Fantasy",2023-03-08,Unico,170
171BC23,"Cuore di cane","Bulgakov Michail Afanas'evic","Tascabili Economici Newton",Roma,1975,,Italiano,"Satira, Fantascienza, Distopia",2023-03-08,Unico,171
172BP23,"Post Office","Bukowski Charles","La biblioteca della Repubblica",Barcellona,2002,8481305111,Italiano,"Autobiografia, Narrativa",2023-03-08,Unico,172
173BP23,"Post Office","Bukowski Charles","La biblioteca della Repubblica",Barcellona,2002,8481305111,Italiano,"Autobiografia, Narrativa, Narrativa",2023-03-08,Unico,173
174BI23,"I trentanove scalini","Buchan John","Gruppo Editoriale Newton",Ariccia,2004,8854101109,Italiano,"Giallo/Thriller, Avventura",2023-03-08,Unico,174
175BI23,"Il gran sole di Hiroscima","Bruckner Karl","Giunti Bemporad Marzocco",Firenze,1969,,Italiano,"Realistico, Narrativa",2023-03-08,Unico,175
176BD23,"Don Giovanni in Sicilia","Brancati Vitaliano","La biblioteca della Repubblica",Barcellona,2003,8496142167,Italiano,Narrativa,2023-03-08,Unico,176
177BF23,"Fahrenheit 451","Bradbury Ray","La biblioteca della Repubblica",Roma,2003,8496142442,Italiano,"Narrativa, Fantascienza",2023-03-08,Unico,177
178BL23,"L'invenzione della poesia, le lezioni americane","Borges Luis Jorge",Mondadori,Milano,2001,8804488409,Italiano,Raccolta,2023-03-08,Unico,178
179BO23,"Opinioni di un clown","Boll Heinrich","La biblioteca di Repubblica",Roma,2002,8481304682,Italiano,Storico,2023-03-08,Unico,179
180BO23,"Opinioni di un clown","Boll Heinrich","La biblioteca di Repubblica",Roma,2002,8481304682,Italiano,Storico,2023-03-08,Unico,180
181BO23,"Orlando Innamorato","Boiardo Matteo Maria",Garzanti,Italia,1986,881151990X,Italiano,Narrativa,2023-03-08,Unico,181
182BO23,"Orlando Innamorato","Boiardo Matteo Maria",Garzanti,Italia,1986,881151990X,Italiano,Narrativa,2023-03-08,Unico,182
183BD23,Decamerone,"Boccaccio Giovanni",Mondadori,Italia,1992,8804256281,Italiano,"Sentimentale/Rosa, Satira, Narrativa",2023-03-08,Unico,183
184DD23,"Delitto e Castigo","Dostoevskij Fëdor",Enaudi,Milano,1993,88-06-13213,Italiano,Narrativa,2023-03-11,Unico,184
185DI23,"Io speriamo che me la cavo","D'Orta Marcello","Arnoldo Editori",Milano,1990,88-04-33201-8,italiano,Commedia,2023-03-11,Unico,185
186BT23,Tristano,"Balestrini Nanni",Feltrinelli,Milano,1966,,Italiano,Fantastoria/Ucronia,2023-03-22,Unico,186
187BH23,Herzog,"Bellow Saul","La biblioteca della Repubblica",Roma,2005,8481305391,Italiano,Narrativa,2023-03-22,Unico,187
188BI23,"Il gabbiano azzurro","Brignetti Raffaello",Mondadori,Parigi,1973,,Italiano,"Giallo/Thriller, Narrativa",2023-03-22,Unico,188
189BI23,"Il gabbiano azzurro","Brignetti Raffaello","Giulio Einaudi Editore",Torino,1967,,Italiano,"Giallo/Thriller, Narrativa",2023-03-22,Unico,189
190BM23,"Mi piaci da morire","Bosco Federica","Newton & Compton",Roma,2007,9788854103603,Italiano,"Sentimentale/Rosa, Narrativa",2023-03-22,Unico,190
191BP23,"Per la legalità","Borsellino Rita","La Scuola",Brescia,2007,9788835021292,Italiano,Storico,2023-03-22,Unico,191
192BL23,"Le Sirene","Boros Eva",Loganesi,Milano,1960,,Italiano,Narrativa,2023-03-22,Unico,192
193BS23,"Santa messa per i miei fucilati","Brignoli Pietro",Loganesi,Milano,1973,,Italiano,Storico,2023-03-22,Unico,193
194BP23,"Papà Goriot",Balzac,Garzanti,Italia,1992,8811580900,Italiano,Narrativa,2023-03-22,Unico,194
195BI23,"Il prezzo del progresso","Bulgakov Sergej N.",Marietti,"Casale Monferrato",1984,8821186148,Italiano,Filosofico,2023-03-22,Unico,195
196BR23,Rime,"Buonarroti Michelangelo","Fabbri Editori",Milano,1995,,Italiano,Raccolta,2023-03-22,Unico,196
197BL23,"La grande pioggia","Bromfield Louis",Mondadori,Italia,1940,,Italiano,Narrativa,2023-03-22,Unico,197
198BL23,"La vita agra","Bianciardi Luciano",Mondadori,Novara,1987,,Italiano,Autobiografia,2023-03-22,Unico,198
199BV23,"Vento dell'est: vento dell'ovest","Buck Pearl S.","La biblioteca di Repubblica",Barcellona,2003,8496142604,Italiano,Narrativa,2023-03-22,Unico,199
200BD23,"Dimmi da quanto è partito il treno","Baldwin James",Feltrinelli,Milano,1968,,Italiano,Narrativa,2023-03-22,Unico,200
201CM23,Marcovaldo,"Calvino Italo",Mondadori,Italia,2001,880437056,Italiano,Narrativa,2023-03-22,Unico,201
202CM23,Marcovaldo,"Calvino Italo",Garzanti,Italia,1990,,Italiano,Narrativa,2023-03-22,Unico,202
203CL23,"Lezioni Americane","Calvino Italo",Mondadori,Verona,2002,880448599X,Italiano,Saggio,2023-03-22,Unico,203
204CL23,"Le cosmicomiche","Calvino Italo",Mondadori,Milano,1993,8804376295,Italiano,Fantascienza,2023-03-22,Unico,204
205CL23,"Le città invisibili","Calvino Italo",Mondadori,Verona,2002,8804425547,Italiano,Narrativa,2023-03-22,Unico,205
206CL23,"Le città invisibili","Calvino Italo",Mondadori,Italia,1993,8894425547,Italiano,Narrativa,2023-03-22,Unico,206
207CM23,"Marx e la rivoluzione","Curi Umberto","La biblioteca di Repubblica",Roma,2011,,Italiano,Filosofico,2023-03-22,Unico,207
208CC23,"Concerto barocco","Carpentier Alejo","Giulio Einaudi Editore",Torino,1991,8806121774,Italiano,Narrativa,2023-03-22,Unico,208
209CC23,"Concerto barocco","Carpentier Alejo","Giulio Einaudi Editore",Torino,1991,8806121774,Italiano,Narrativa,2023-03-22,Unico,209
210CC23,"Concerto barocco","Carpentier Alejo","Giulio Einaudi Editore",Torino,1991,8806121774,Italiano,Narrativa,2023-03-22,Unico,210
211CC23,"Colazione da Tiffany","Capote Truman","La biblioteca di Repubblica",Barcellona,2002,848130509X,Italiano,Narrativa,2023-03-22,Unico,211
212CL23,"La lingua salvata","Canetti Elias","La biblioteca di Repubblica",Barcellona,2002,8481305413,Italiano,Storico,2023-03-22,Unico,212
213CL23,"La lingua salvata","Canetti Elias","La biblioteca di Repubblica",Barcellona,2002,8481305413,Italiano,Storico,2023-03-22,Unico,213
214CI23,"Immagini dal sogno","Cankar Ivan",Marietti,"Casale Monferrato",1983,8821161633,Italiano,Narrativa,2023-03-22,Unico,214
215CI23,"Il visconte dimezzato","Calvino Italo",Garzanti,Italia,1987,8811666767,Italiano,Narrativa,2023-03-22,Unico,215
216CI23,"I libri degli altri","Calvino Italo","Giulio Einaudi Editore",Torino,1991,8806124056,Italiano,Storico,2023-04-12,Unico,216
217CI23,"I libri degli altri","Calvino Italo","Giulio Einaudi Editore",Torino,1991,8806124056,Italiano,Storico,2023-04-12,Unico,217
218CI23,"I libri degli altri","Calvino Italo","Giulio Einaudi Editore",Torino,1991,8806124056,Italiano,Storico,2023-04-12,Unico,218
219CI23,"I libri degli altri","Calvino Italo","Giulio Einaudi Editore",Torino,1991,8806124056,Italiano,Storico,2023-04-12,Unico,219
220CI23,"I libri degli altri","Calvino Italo","Giulio Einaudi Editore",Torino,1991,8806124056,Italiano,Storico,2023-04-12,Unico,220
221CI23,"I libri degli altri","Calvino Italo","Giulio Einaudi Editore",Torino,1991,8806124056,Italiano,Storico,2023-04-12,Unico,221
222CI23,"I libri degli altri","Calvino Italo","Giulio Einaudi Editore",Torino,1991,8806124056,Italiano,Storico,2023-04-12,Unico,222
223CI23,"I libri degli altri","Calvino Italo","Giulio Einaudi Editore",Torino,1991,8806124056,Italiano,Storico,2023-04-12,Unico,223
224CO23,"Orlando Furioso di Ludovico Ariosto raccontato da Italo Calvino","Calvino Italo",Mondadori,Italia,2002,8804400153,Italiano,"Raccolta di Poesia",2023-04-12,Unico,224
225CP23,Palomar,"Calvino Italo",Mondadori,Milano,1990,88043335106,Italiano,Narrativa,2023-04-12,Unico,225
226CS23,"Se una notte d'inverno un viaggiatore","Calvino Italo","La biblioteca di Repubblica",Barcellona,2002,8481304476,Italiano,Narrativa,2023-04-12,Unico,226
227CS23,"Se una notte d'inverno un viaggiatore","Calvino Italo","La biblioteca di Repubblica",Barcellona,2002,8481304476,Italiano,Narrativa,2023-04-12,Unico,227
228CL23,"La paura di Montalbano","Camilleri Andrea",Mondadori,Milano,2002,8804519614,Italiano,Giallo/Thriller,2023-04-12,Unico,228
229CU23,"Un mese con Montalbano","Camilleri Andrea","La biblioteca di Repubblica",Barcellona,2003,8496200078,Italiano,"Raccolta, Giallo/Thriller",2023-04-12,Unico,229
230CL23,"La peste","Camus Albert",Bompiani,Milano,1994,8845205665,Italiano,"Narrativa, Filosofico",2023-04-12,Unico,230
231CL23,"Lo straniero","Camus Albert",Bompiani,Milano,1987,,Italiano,"Giallo/Thriller, Narrativa, Filosofico",2023-04-12,Unico,231
232CL23,"L'uomo in rivolta","Camus Albert",Bompiani,Milano,1994,8845222055,Italiano,Saggio,2023-04-12,Unico,232
233CI23,"Il cavaliere inesistente","Calvino Italo","Giulio Einaudi Editore",,1959,,Italiano,Narrativa,2023-04-12,Unico,233
234BP23,Possessione,"Byatt Antonia S.","La biblioteca di Repubblica",Barcellona,2003,8496142027,Italiano,Sentimentale/Rosa,2023-04-12,Unico,234
235CC23,"Cosa tiene accese le stelle","Calabresi Mario",Mondadori,Milano,2011,9788894610212,Italiano,Storico,2023-04-12,Unico,235
236CS23,"Spingendo la notte più in là","Calabresi Mario",Mondadori,Italy,2009,9788804580447,Italiano,Storico,2023-04-12,Unico,236
237CL23,"L'europa degli ebrei","Calimani Riccardo",Mondadori,Italia,2002,8804510587,Italiano,Storico,2023-04-12,Unico,237
238CI23,"Il barone rampante","Calvino Italo",Mondadori,Italia,2002,8804370858,Italiano,Narrativa,2023-04-12,Unico,238
239CI23,"Il barone rampante","Calvino Italo",Mondadori,Italia,1993,8804370858,Italiano,Narrativa,2023-04-12,Unico,239
240CU23,"Un borghese piccolo piccolo","Cerami Vincenzo",Garzanti,Italia,2002,8811685443,Italiano,Narrativa,2023-04-12,Unico,240
241CP23,"Pensieri così","Cerami Vincenzo",Garzanti,Italia,2002,881166506X,Italiano,Saggio,2023-04-12,Unico,241
242CS23,"Schopenhauer Diseducatore","Ceppa Leonardo",Marietti,"Casale Monferrato",1983,882118613X,Italiano,Filosofico,2023-04-12,Unico,242
243CL23,"La mano mozza ","Cendrars Blaise",Guanda,Milano,2000,,Italiano,Storico,2023-04-12,Unico,243
244CV23,"Viaggio al termine della notte",Céline,"La biblioteca di Repubblica",Barcellona,2002,8496075788,Italiano,Narrativa,2023-04-12,Unico,244
245CL23,"La ragazza di Bube","Cassola Carlo","Giulio Einaudi Editore",,1965,,Italiano,Narrativa,2023-04-12,Unico,245
246CC23,"Colazione da Tiffany","Capote Truman","La biblioteca di Repubblica",Barcellona,2002,848130509X,Italiano,Narrativa,2023-04-12,Unico,246
247CI23,"Il fascistibile","Castelli Giulio",Bompiani,Milano,1973,,Italiano,Narrativa,2023-04-12,Unico,247
248CL23,"La vendetta di Machiavelli","Cardetti Raphael",Piemme,"Casale Monferrato",2005,,Italiano,"Giallo/Thriller, Storico",2023-04-12,Unico,248
249CL23,"L'eroe dai mille volti","Campbell Joseph",Feltrinelli,Milano,1958,,Italiano,Saggio,2023-04-12,Unico,249
250CL23,"La ragazza di Bube","Cassola Carlo",Rizzoli,Milano,1989,8817113506,Italiano,Narrativa,2023-04-12,Unico,250
251CA23,"Acqua e sale","Casiglio Nino",Rusconi,Milano,1977,,Italiano,Narrativa,2023-04-12,Unico,251
252CV23,Volario,"Cattabiani Alfredo",Mondadori,Milano,2000,,Italiano,Raccolta,2023-04-12,Unico,252
253CL23,"La strega africana","Cary Joyce","Giulio Einaudi Editore",,1952,,Italia,Narrativa,2023-04-12,Unico,253
254CM23,"Magia stregoneria superstizioni nell'occidente medievale","Cardini Franco","La Nuova Italia",Perugia,1979,,Italiano,Narrativa,2023-04-12,Unico,254
255CC23,"Com'è dolce Parigi... o no?!","Caprarica Antonio","Sperling & Kupfer",,2007,9788820042981,,Umoristico,2023-04-12,Unico,255
256CI23,"Il ballo dei sapienti","Corti Maria",Mondadori,,1966,,Italiano,Narrativa,2023-04-12,Unico,256
257CD23,"Dio ci salvi dagli inglesi... o no?!","Caprarica Antonio","Sperling & Kupfer",,2006,9788860611338,Italiano,Umoristico,2023-04-12,Unico,257
258CL23,"L'ultimo dei Mohicani","Cooper Fenimore","Varesina Grafica",Italia,1970,,Italiano,"Storico, Dramma",2023-04-12,Unico,258
259CS23,"Sulla sponda del fiume Piedra mi sono seduta e ho pianto","Coelho Paulo",Bompiani,Milano,1996,8845229041,Italiano,"Sentimentale/Rosa, Narrativa",2023-04-12,Unico,259
260CP23,Procida,"Cordelli Franco",Garzanti,Italia,1973,,Italiano,Narrativa,2023-04-12,Unico,260
261CP23,Procida,"Cordelli Franco",Garzanti,Italia,1973,,Italiano,Narrativa,2023-04-12,Unico,261
262CA23,"Amore e etichetta","Coward Noel",Garzanti,Italia,1960,,Italiano,Narrativa,2023-04-12,Unico,262
263CS23,Smemorie,"Costanzo Maurizio",Rizzoli,Milano,1984,8817730831,Italiano,Narrativa,2023-04-12,Unico,263
264CI23,"Il sorriso dell'ignoto Marinaio","Consolo Vincenzo","Giulio Einaudi Editore",Torino,1976,,Italiano,Narrativa,2023-04-12,Unico,264
265CE23,"Extraterrestri: Amici o nemici?","Colizzi Laura","Carlo Signorelli",Italia,1999,884340590X,Italiano,Narrativa,2023-04-12,Unico,265
266MB23,"Benito Cereno Billy Budd","Melville Herman",Garzanti,Italia,1982,8811580560,Italiano,Narrativa,2023-04-12,Unico,266
267DD23,"David Copperfield","Dickens Charles","Oxford University Press",china,1992,0-19-585337-7,inglese,"Fantastoria/Ucronia, Narrativa",2023-04-17,Unico,267
268DO23,"Oliver Twist","Dickens Charles","Oxford University Press",china,1992,0-19-585260-5,inglese,"Fantastoria/Ucronia, Favola, Narrativa",2023-04-17,Unico,268
269GQ23,"Quel pasticciaccio brutto de via Merula","Gadda Carlo Emilio","Garzanti Elefanti",Milano,1957,88-11-66642-2,italiano,Narrativa,2023-04-17,Unico,269
270GQ23,"Quel pasticciaccio brutto de via Merula","Gadda Carlo Emilio","La biblioteca della Repubblica",Barcellona,2002,84-8130-542-1,italiano,"Narrativa, Realistico",2023-04-17,Unico,270
271GK23,"Kelefa, la prova del pozzo","Gadji Mbacke","Edizioni dell'arco marna",Milano,2003,88-7203-229-6,italiano,Autobiografia,2023-04-17,Unico,271
272GL23,"Lo Spirito delle sabbie gialle","Gadki Mbacke","Edizioni dell'arco",Milano,1999,,italiano,"Narrativa, Autobiografia",2023-04-19,Unico,272
273GT23,Tristana,"Galdos Perez Benito ","La biblioteca di republica",Roma,1975,88-89145-20-X,italiano,"Dramma, Narrativa, Fantastoria/Ucronia",2023-04-19,Unico,273
274DT23,"The Adventures of Sherlock Holmes","Doyle Arthur Conan","Oxford University Press","Hong Kong",1992,0195852575,Inglese,Giallo/Thriller,2023-04-26,Unico,274
275CL23,"Le avventure di Pierino","Chiara Piero",Mondadori,Milano,1987,,Italiano,Narrativa,2023-04-26,Unico,275
276CU23,Utz,"Chatwin Bruce","La biblioteca di Repubblica",Barcellona,2003,8496075818,Italiano,Narrativa,2023-04-26,Unico,276
277CI23,"Il grande sonno","Chandler Raymond",Feltrinelli,Milano,1992,880781083,Italiano,Giallo/Thriller,2023-04-26,Unico,277
278CI23,"Il grande sonno","Chandler Raymond",Feltrinelli,Milano,1992,8807810832,Italiano,Giallo/Thriller,2023-04-26,Unico,278
279CL23,"La sommossa","Chabrol Jean-Pierre",Rizzoli,Milano,1968,,Italiano,Storico,2023-04-26,Unico,279
280CL23,"La caduta nel tempo","Cioran Emile","Club Degli Editori",Milano,1995,,Italiano,Filosofico,2023-04-26,Unico,280
281CD23,"Dizionario della Democrazia","Ciampi Carlo Azeglio","San Paolo",Milano,2005,,Italiano,Storico,2023-04-26,Unico,281
282CL23,"Le dimensioni del vuoto","Crepet Paolo",Feltrinelli,Milano,2001,8807815869,Italiano,Saggio,2023-04-26,Unico,282
283GT23,Tristana,"Galdos Perez Benito ",Enaudi,Torino,1991,,italiano,"Dramma, Narrativa",2023-04-26,Unico,283
284GT23,Tristana,"Galdos Perez Benito ",Enaudi,Torino,1991,,italiano,"Dramma, Narrativa, Narrativa",2023-04-26,Unico,284
285GT23,Tristana,"Galdos Perez Benito ",Einaudi,Torino,1991,,italiano,"Dramma, Narrativa",2023-04-26,Unico,285
286GL23,"La signora di ellis island","Gangemi Mimmo",Einaudi,Torino,1991,,italiano,Realistico,2023-04-26,Unico,286
287CA23,"Azzardo e conflitto","Cristante Stefano",Manni,Lecce,2001,,Italiano,"Saggio, Raccolta",2023-04-26,Unico,287
288CI23,"Il calice d'argento","Costain Thomas B.",Rizzoli,,1967,,Italiano,Storico,2023-04-26,Unico,288
289GL23,"La bella selvaggia della virginia","Garnett David",Mondadori,Milano,1937,,italiano,"Tragedia, Commedia",2023-04-26,Unico,289
290DS23,"Sherlock Holmes and the Mystery of Boscombe Pool","Doyle Arthur Conan","Penguin Readers",Inghilterra,1991,0140815120,Inglese,Giallo/Thriller,2023-04-26,Unico,290
291GU23,"Un grande avvenire dietro le spalle","Gassman Vittorio",Longanesi,Milano,1981,,italiano,Autobiografia,2023-04-26,Unico,291
292CL23,"Lord Jim","Conrad Joseph","Oxford University Press","Hong Kong",1994,019585263,Inglese,Narrativa,2023-04-26,Unico,292
293GG23,"Giordano Bruno e la scienza del rinascimento ","Gatti Hilary",Mondolibri,Milano,2001,,italiano,Filosofico,2023-04-26,Unico,293
294CM23,"Miss Marple e i tredici problemi","Christie Agatha",Mondadori,Milano,1981,,Italiano,Giallo/Thriller,2023-04-26,Unico,294
295CL23,"Le fatiche di Hercule","Christie Agatha",Mondadori,Milano,1981,,Italiano,Giallo/Thriller,2023-04-26,Unico,295
296CL23,"La domatrice","Christie Agatha",Mondadori,,1975,,Italiano,Giallo/Thriller,2023-04-26,Unico,296
297CL23,"La dama svelata e altre storie","Christie Agatha",Mondadori,Milano,1982,,Italiano,Giallo/Thriller,2023-04-26,Unico,297
298CI23,"In tre contro il delitto","Christie Agatha",Mondadori,Milano,1981,,Italiano,Giallo/Thriller,2023-04-26,Unico,298
299CI23,"In tre contro il delitto","Christie Agatha",Mondadori,Milano,1981,,Italiano,Giallo/Thriller,2023-04-26,Unico,299
300CI23,"Il segreto di Chimneys","Christie Agatha",Mondadori,Milano,1981,,Italiano,Giallo/Thriller,2023-04-26,Unico,300
301GE23,"Einstein scienza e società","Genovesi Angelo","Boroli Editore",Milano,2005,1000000758832,italiano,"Divulgazione Scientifica",2023-04-26,Unico,301
302GE23,"Einstein scienza e società","Genovesi Angelo","Boroli Editore",Milano,2005,1000000758832,italiano,"Divulgazione Scientifica",2023-04-26,Unico,302
303GE23,"Einstein scienza e società","Genovesi Angelo","Boroli Editore",Milano,2005,1000000758832,italiano,"Divulgazione Scientifica",2023-04-26,Unico,303
304GE23,"Einstein scienza e società","Genovesi Angelo","Boroli Editore",Milano,2005,1000000758832,italiano,"Divulgazione Scientifica",2023-04-26,Unico,304
305GE23,"Einstein scienza e società","Genovesi Angelo","Boroli Editore",Milano,2005,1000000758832,italiano,"Divulgazione Scientifica",2023-04-26,Unico,305
306GE23,"Einstein scienza e società","Genovesi Angelo","Boroli Editore",Milano,2005,1000000758832,italiano,"Divulgazione Scientifica",2023-04-26,Unico,306
307GE23,"Einstein scienza e società","Genovesi Angelo","Boroli Editore",Milano,2005,1000000758832,italiano,"Divulgazione Scientifica",2023-04-26,Unico,307
308CI23,"Il pericolo senza nome","Christie Agatha",Mondadori,Milano,1980,,Italiano,Giallo/Thriller,2023-04-26,Unico,308
309CI23,"Il mondo di Hercule Poirot","Christie Agatha",Mondadori,Milano,1981,,Italiano,Giallo/Thriller,2023-04-26,Unico,309
310CI23,"Il mistero di Lord Listerdale e altre storie","Christie Agatha",Mondadori,Milano,1982,,Italiano,Giallo/Thriller,2023-04-26,Unico,310
311CI23,"Il misterioso Signor Quinn","Christie Agatha",Mondadori,Milano,1982,,Italiano,Giallo/Thriller,2023-04-26,Unico,311
312CH23,"Hercule Poirot indaga","Christie Agatha",Mondadori,Milano,1981,,Italiano,Giallo/Thriller,2023-04-26,Unico,312
313GU23,"Un'occhiata alle carte di dio","Ghirardi Gian Carlo","il Saggiatore",Milano,1999,88-428-0480-0,italiano,"Saggio, Narrativa",2023-04-26,Unico,313
314CG23,"Giochi di prestigio","Christie Agatha",Mondadori,,1976,,Italiano,Giallo/Thriller,2023-04-26,Unico,314
315CE23,"E' un problema","Christie Agatha",Mondadori,Milano,1980,,Italiano,Giallo/Thriller,2023-04-26,Unico,315
316GN23,"Nel blu dipinto di blu","Giannini Maurizio","Edizioni Medusa",Napoli,1998,,italiano,Fantastoria/Ucronia,2023-04-26,Unico,316
317CE23,"E' troppo facile","Christie Agatha",Mondadori,Milano,1988,,Italiano,Giallo/Thriller,2023-04-26,Unico,317
318CD23,"Dieci piccoli indiani... E non rimase nessuno","Christie Agatha",Mondadori,Italia,2022,9788804616986,Italiano,Giallo/Thriller,2023-04-26,Unico,318
319GL23,"La soffitta","Gianturco Vincenzo",T.E.M.P.,Napoli,1969,,italiano,"Divulgazione Scientifica",2023-04-26,Unico,319
320CA23,"Appuntamento con la paura","Christie Agatha",Mondadori,Milano,1981,,Italiano,Giallo/Thriller,2023-04-26,Unico,320
321CL23,"La spada e il calice","Cornwell Bernard",Longanesi,Milano,2004,8830421596,Italiano,Storico,2023-04-26,Unico,321
322GL23,"Luce Virtuale","Gibson William ",Mondadori,Milano,1996,,italiano,"Fantascienza, Narrativa, Distopia",2023-04-26,Unico,322
323CL23,"La voce degli uomini freddi","Corona Mauro",Mondadori,Milano,2013,9788804633778,Italiano,Narrativa,2023-04-26,Unico,323
324GA23,"Altri casi per Petra Delicado","Gimenez-Bartlett Alicia",Sellerio,Palermo,2009,88-389-2434-1,italiano,Commedia,2023-04-26,Unico,324
325CL23,"La linea d'ombra","Conrad Joseph",Mondadori,Milano,1997,,Italiano,Narrativa,2023-04-26,Unico,325
326GJ23,"Jukebox all'idrogeno","Ginsberg Allen",Mondadori,Milano,1979,,italiano,"Raccolta di Poesia",2023-04-26,Unico,326
327CL23,"La linea d'ombra","Conrad Joseph","La biblioteca di Repubblica",Barcellona,2002,8481304778,Italiano,Narrativa,2023-04-26,Unico,327
328CL23,"La linea d'ombra","Conrad Joseph","La biblioteca di Repubblica",Barcellona,2002,8481304778,Italiano,Narrativa,2023-04-26,Unico,328
329CC23,"Cuore di tenebra","Conrad Joseph",Garzanti,Italia,1990,8811584124,Italiano,Narrativa,2023-04-26,Unico,329
330GN23,"Nessuna isola è un isola","Ginzburg Carlo",Feltrinelli,,2002,88-07-10335-4,italiano,"Narrativa, Realistico",2023-04-26,Unico,330
331CC23,"Cuore di tenebra","Conrad Joseph","Newton & Compton",Milano,1992,887983214X,Italiano,Narrativa,2023-04-26,Unico,331
332GL23,"Lessico familiare","Ginzburg Natalia","La biblioteca di Repubblica",Torino,1975,84-96142-43-4,italiano,Autobiografia,2023-04-26,Unico,332
333GL23,"Lessico familiare","Ginzburg Natalia","La biblioteca di Repubblica",Torino,1975,84-96142-43-4,italiano,Autobiografia,2023-04-26,Unico,333
334CV23,Vergogna,"Coetzee J.M.","La biblioteca di Repubblica",Barcellona,2003,8496142582,Italiano,Narrativa,2023-04-26,Unico,334
335GI23,"I dolori del giovane Werther","Goethe J. Wolfgang (I dolori del giovane Werther)",Bompiani,Milano,1987,,italiano,"Narrativa, Autobiografia",2023-04-26,Unico,335
336CP23,"Predoni... Padroni planetari","Cianciarelli Francesco","Due Emme",Cosenza,1998,,Italiano,Narrativa,2023-04-26,Unico,336
337CU23,"Un cavallo per la strega","Christie Agatha",Mondadori,Milano,1962,,Italiano,Giallo/Thriller,2023-04-26,Unico,337
338GL23,"Le affinità elettive","Goethe J. Wolfgang ",Rizzoli,Milano,1978,,italiano,"Narrativa, Realistico",2023-04-26,Unico,338
339GR23,"Racconti di Pietroburgo",Gogol',Mondadori,Milano,1986,88-04-28435-8,italiano,Narrativa,2023-04-26,Unico,339
340FL23,"La morte di Artemio Cruz","Fuentes Carlos",Feltrinelli,Milano,1966,,Italiano,Storico,2023-04-26,Unico,340
341CT23,"Tre topolini ciechi e altre storie","Christie Agatha",Mondadori,Milano,1981,,Italiano,Giallo/Thriller,2023-04-26,Unico,341
342GI23,"Il signore delle mosche","Golding William ","La biblioteca di Repubblica",Milano,2002,84-8130-470-0,italiano,Narrativa,2023-04-26,Unico,342
343CT23,"Tommy e Tuppence: In due s'indaga meglio","Christie Agatha",Mondadori,Milano,1982,,Italiano,Giallo/Thriller,2023-04-26,Unico,343
344GS23,"Storia di mio figlio","Gordimer Nadine ",Feltrinelli,Milano,1991,,italiano,Autobiografia,2023-04-26,Unico,344
345CT23,"Testimone d'accusa e altre storie","Christie Agatha",Mondadori,Milano,1981,,Italiano,Giallo/Thriller,2023-04-26,Unico,345
346CQ23,"Quattro casi per Hercule Poirot","Christie Agatha",Mondadori,Milano,1981,,Italiano,Giallo/Thriller,2023-04-26,Unico,346
347GN23,"Nessuno al mio fianco","Gordimer Nadine","La biblioteca di Repubblica",Milano,2003,84-96200-96-5,italiano,"Sentimentale/Rosa, Narrativa",2023-04-26,Unico,347
348CP23,"Perché non l'hanno chiesto a Evans?","Christie Agatha",Mondadori,Milano,1979,,Italiano,Giallo/Thriller,2023-04-26,Unico,348
349CP23,"Parker Pyne Indaga","Christie Agatha",Mondadori,Milano,1982,,Italiano,Giallo/Thriller,2023-04-26,Unico,349
350CM23,"Miss Marple al Bertram Hotel","Christie Agatha",Mondadori,Milano,1961,,Italiano,Giallo/Thriller,2023-04-26,Unico,350
351CM23,"Miss Marple al Bertram Hotel","Christie Agatha",Mondadori,Milano,1987,,Italiano,Giallo/Thriller,2023-04-26,Unico,351
352GL23,"La vita ingenua","Gorresio Vittorio",Rizzoli,Milano,1980,,italiano,"Narrativa, Sentimentale/Rosa",2023-04-26,Unico,352
353GL23,L'isola,"Goytisolo Juan",Einaudi,Torino,1964,,italiano,"Narrativa, Avventura",2023-04-26,Unico,353
354GL23,"La risacca","Goytisolo Juan",Feltrinelli,Milano,1961,,italiano,Narrativa,2023-04-26,Unico,354
355GL23,"Le sue idee del nostro tempo",Gramsci,l'unità,Milano,2002,,italiano,Narrativa,2023-04-26,Unico,355
356GI23,"Il tamputo di latta","Grass Günter","La biblioteca di Repubblica",Milano,2003,84-96075-83,italiano,Realistico,2023-04-26,Unico,356
357GC23,"Contro il racket","Grasso Tano",Latenza,Torino,1992,88-420-4110-6,italiano,Narrativa,2023-04-26,Unico,357
358GP23,Passioni,"Green Henry",Einaudi,Torino,1990,88-06-11761-0,italiano,Narrativa,2023-04-26,Unico,358
359GI23,"I naufraghi",Greene,Bompiani,Roma,1985,,italiano,"Narrativa, Avventura",2023-04-26,Unico,359
360GP23,"Presto che è tardi","Greggio Ezio",Mondadori,Milano,1995,88-04-41947-4,italiano,Autobiografia,2023-04-26,Unico,360
361GL23,"La fabbrica degli angeli","Gregson Jessica ",Garzanti,Milano,2008,,italiano,"Sentimentale/Rosa, Narrativa",2023-04-26,Unico,361
362GS23,"Socialismo e Democrazia","Gruppi Luciano","Edizioni del CAlenzario",Milano,1972,,italiano,Storico,2023-04-26,Unico,362
363GI23,"Il crollo dell'impero sovietico","Guerra Adriano","Editori Riuniti",Milano,1996,88-359-4038-9,italiano,Storico,2023-04-26,Unico,363
364GB23,"Belli de Roma","Guerra Matteo",Youcanprint,Milano,2014,,italiano,"Raccolta di Poesia",2023-04-26,Unico,364
365GL23,"Le cinque equazioni che hanno cambiato il mondo","Guillen Michael",Longanesi,Milano,1997,88-3021413-1,italiano,"Divulgazione Scientifica",2023-04-26,Unico,365
366GL23,"La libertà","Geymonat Ludovico ",Rusconi,Milano,1988,,italiano,Filosofico,2023-04-26,Unico,366
367ML23,"La mandragola","Machiavelli Niccolò","Tascabili La spiga",Milano,1996,8871009061,Italiano,Commedia,2023-04-26,Unico,367
368MI23,"Il viaggiatore notturno","Maggiani Maurizio ",Feltrinelli,Milano,2005,8807016664,Italiano,Narrativa,2023-04-26,Unico,368
369MM23,Microcosmi,"Magris Claudio",Garzanti,Italia,1997,8811662583,Italiano,Narrativa,2023-04-26,Unico,369
370ML23,"L'anello di Clarisse","Magris Claudio","Einaudi tascabili",Torino,1999,8806153358,Italiano,Narrativa,2023-04-26,Unico,370
371MI23,"Il ladro e i cani ","Mahfuz Nagib ","La biblioteca di Repubblica",Milano,2003,30903,Italiano,Narrativa,2023-04-26,Unico,371
372MK23,Kaputt,"Malaparte Curzio","Vallecchi editore",Firenze,1964,,Italiano,"Narrativa, Autobiografia",2023-04-26,Unico,372
373ML23,"La pelle","Malaparte Curzio","La biblioteca di Repubblica",Milano,2003,8497890922,Italiano,"Narrativa, Storico",2023-04-26,Unico,373
374ME23,"Enrico Fermi in America","Maltese Giulio",Zanichelli,Bologna,2007,8808077276,Italiano,Autobiografia,2023-04-26,Unico,374
375ML23,"L'ultima legione","Manfredi Valerio Massimo","Oscar mondadori",Milano,2003,880452118X,Italiano,Storico,2023-04-26,Unico,375
376ML23,"Lo scudo di Talos ","Manfredi Valerio Massimo","Oscar mondadori",Milano,1988,8804333715,Italiano,Narrativa,2023-04-26,Unico,376
377MI23,"Il faraone delle sabbie","Manfredi Valerio Massimo","Oscar mondadori",Milano,1999,8804470801,Italiano,"Storico, Narrativa",2023-04-26,Unico,377
378MP23,Palladion,"Manfredi Valerio Massimo","Oscar mondadori",Milano,1999,8804350059,Italiano,"Narrativa, Giallo/Thriller",2023-04-26,Unico,378
379MP23,Palladion,"Manfredi Valerio Massimo","Mondadori editore",Milano,1985,,Italiano,"Narrativa, Giallo/Thriller",2023-04-26,Unico,379
380MI23,"I buddenbrook","Mann Thomas","Oscar mondadori",Milano,1993,880449381X,Italiano,Narrativa,2023-04-26,Unico,380
381ML23,"La montagna incantata","Mann Thomas",Corbaccio,Milano,1992,,Italiano,Narrativa,2023-04-26,2°,381
382ML23,"La morte a Venezia","Mann Thomas","La biblioteca di Repubblica",Roma,2002,8481305383,Italiano,Narrativa,2023-04-26,Unico,382
383ML23,"La morte a Venezia","Mann Thomas","La biblioteca di Repubblica",Roma,2002,8481305383,Italiano,Narrativa,2023-04-26,Unico,383
384NC23,"Così educo in Italia mio figlio Mohammed","N'Diaye Fatou","Bandecchi & Vivaldi",,2008,,Italiano,Narrativa,2023-05-10,Unico,384
385NL23,Lolita,"Nabokov Vladimir","La biblioteca di Repubblica",Barcellona,2002,8481304824,Italiano,"Narrativa, Dramma",2023-05-10,Unico,385
386NL23,Lolita,"Nabokov Vladimir","La biblioteca di Repubblica",Barcellona,2002,8481304824,Italiano,"Narrativa, Dramma, Dramma",2023-05-10,Unico,386
387NL23,Lolita,"Nabokov Vladimir","La biblioteca di Repubblica",Barcellona,2002,8481304824,Italiano,"Narrativa, Dramma, Dramma, Dramma",2023-05-10,Unico,387
388NL23,"La scoperta della lentezza","Nadolny Sten",Garzanti,Italia,1985,8811667801,Italiano,Narrativa,2023-05-10,Unico,388
389NA23,"Archimede. Il primo genio universale","Napolitani Pier Daniele, Giorello Giulio","La biblioteca di Repubblica",Ariccia,2012,,Italiano,"Divulgazione Scientifica",2023-05-10,Unico,389
390NE23,"Ecce homo",Nietzsche,"Newton & Compton",Roma,1978,8879830546,Italiano,Autobiografia,2023-05-10,Unico,390
391NI23,"Il ballo","Némirovsky Iréne","Newton & Compton",Roma,2013,9788854151451,Italiano,Narrativa,2023-05-10,Unico,391
392NA23,"Alla scoperta della moneta","Nitsche Roland",Rizzoli,Milano,1970,,Italiano,"Divulgazione Scientifica",2023-05-10,Unico,392
393NL23,"La cospirazione","Nizan Paul",Mondadori,,1961,,Italiano,Narrativa,2023-05-10,Unico,393
394KI23,"Il processo","Kafka Franz ","La biblioteca di Repubblica",Roma,2002,84-8130-540-5,italiano,Narrativa,2023-05-16,Unico,394
395KI23,"Il processo","Kafka Franz ","La biblioteca di Repubblica",Roma,2002,84-8130-540-5,italiano,Narrativa,2023-05-16,Unico,395
396KT23,"Tutti i romanzi e i racconti","Kafka Franz ",Newton,Roma,1991,,italiano,Narrativa,2023-05-16,Unico,396
397KL23,"L'ultima tentazione","Kazantzakis Nikos",Frasanelli,Milano,1987,,italiano,Storico,2023-05-16,Unico,397
398Kv23,"vite dei papi","Kelly N. D. John",Piemme,"Casal Monferrato",1989,88-384-2290-7,italiano,Storico,2023-05-16,Unico,398
399KL23,"La lista","Keneally Thomas",Frasanelli,Milano,1985,,italiano,"Storico, Narrativa",2023-05-16,Unico,399
400KI23,"I Vagabondi del dharma","Kerouac Jack ",Mondadori,Milano,1975,,italiano,Narrativa,2023-05-16,Unico,400
401KS23,"Sulla strada","Kerouac Jack","La biblioteca di Repubblica",Milano,2002,84-8130-469-7,italiano,"Narrativa, Autobiografia",2023-05-16,Unico,401
402KS23,"Sulla strada","Kerouac Jack","La biblioteca di Repubblica",Milano,2002,84-8130-469-7,italiano,"Narrativa, Autobiografia, Autobiografia",2023-05-16,Unico,402
403Ke23,"essere senza destino","Kertesz Imre",Feltrinelli,Milano,2004,88-07-81776-4,italiano,Storico,2023-05-16,Unico,403
404KT23,"The jungle book","Kipling Rudyard","	Oxford University Press",Usa,1994,0-19-585293-1,inglese,Favola,2023-05-16,Unico,404
405KT23,"The room in the tower","Kipling Rudyard(","Penguin Readers",Londra,1995,0-14-081524-4,inglese,"Giallo/Thriller, Horror",2023-05-16,Unico,405
406Kb23,"buio a mezzogiorno","Koestler Arthur",Mondadori,Milano,1987,,italiano,"Narrativa, Distopia",2023-05-16,Unico,406
407Kb23,"buio a mezzogiorno","Koestler Arthur","La biblioteca di Repubblica",Milano,1975,84-9789-093-0,italiano,"Storia Locale, Distopia",2023-05-16,Unico,407
408KL23,"Le squillo","Koestler Arthur",Rizzoli,Milano,1975,,italiano,Narrativa,2023-05-16,Unico,408
409KI23,"Il dissenso di dominick","Kops Bernard",Einaudi,Torino,1969,,italiano,Narrativa,2023-05-16,Unico,409
410KG23,Ginster,"Kracauer Siegfried",Marietti,"Casal Monferrato",1984,88-211-6174-9,italiano,Narrativa,2023-05-16,Unico,410
411Kl23,"la vendetta","Kristof Agota",Einaudi,Torino,2005,88-06-17323-5,italiano,Narrativa,2023-05-16,Unico,411
412KL23,"La carrozza di cremisi","Krudy Gyula",Marietti,"Casal Monferrato",1983,88-211-6168-4,italiano,Narrativa,2023-05-16,Unico,412
413KL23,"L'insostenibile leggerezza dell'essere","Kundera Milan","La biblioteca di Repubblica",Milano,2002,84-8130-499-9,italiano,"Filosofico, Sentimentale/Rosa, Realistico",2023-05-16,Unico,413
414KL23,"L'insostenibile leggerezza dell'essere","Kundera Milan","La biblioteca di Repubblica",Milano,2002,84-8130-499-9,italiano,"Filosofico, Sentimentale/Rosa, Realistico, Sentimentale/Rosa, Realistico",2023-05-16,Unico,414
415UV23,"Vita d'un uomo","Ungaretti Giuseppe","Arnoldo Mondatori Editore",Milano,2000,8804480955,Italiano,"Raccolta di Poesia",2023-05-19,Unico,415
416UT23,Trinità,"Uris Leon","Arnoldo Mondatori Editore",Milano,1976,,Italiano,Storico,2023-05-19,Unico,416
417VL23,"L'enigma dell'alfiere","Van Dine S. S.","Gruppo editoriale Newton",Roma,1993,8854101079,Italiano,"Narrativa, Giallo/Thriller",2023-05-19,Unico,417
418VL23,"L'enigma dell'alfiere","Van Dine S. S.","Gruppo editoriale Newton",Roma,1993,8854101079,Italiano,"Narrativa, Giallo/Thriller, Giallo/Thriller",2023-05-19,Unico,418
419VB23,"Belle lettere","Vassalli Sebastiano ",Einaudi,Torino,1991,8806125117,Italiano,Saggio,2023-05-19,Unico,419
420VB23,"Belle lettere","Vassalli Sebastiano ",Einaudi,Torino,1991,8806125117,Italiano,Saggio,2023-05-19,Unico,420
421VL23,"L'ultimo veliero ","Venturi Marcello ",Einaudi,Torino,1996,,Italiano,"Realistico, Avventura",2023-05-19,Unico,421
422VI23,"I malavoglia","Verga Giovanni","Oscar Mondadori",Milano,1992,880423993X,Italiano,Narrativa,2023-05-19,Unico,422
423VI23,"I malavoglia","Verga Giovanni","Oscar Mondadori",Milano,1992,880423993X,Italiano,Narrativa,2023-05-19,Unico,423
424VT23,"Tutte le novelle","Verga Giovanni","Oscar Mondadori",Milano,1992,8804228946,Italiano,"Narrativa, Storico",2023-05-19,Unico,424
425VT23,"Tutte le novelle","Verga Giovanni","Oscar Mondadori",Milano,1992,8804228946,Italiano,"Narrativa, Storico, Storico",2023-05-19,Unico,425
426MB23,"Billy Budd e altri racconti","Melville Herman","Einaudi tascabili",Torino,1992,8806128272,Italiano,Narrativa,2023-05-19,Unico,426
427VI23,"I malavoglia","Verga Giovanni","Biblioteca economica Newton ",Roma,1984,8879839829,Italiano,"Storico, Narrativa",2023-05-19,Unico,427
"428M 23"," Moby Dick","Melville Herman","Garzanti editore",Italia,1992,8811580056,Italiano,"Avventura, Narrativa",2023-05-19,Unico,428
"429M 23"," Moby Dick o la balena","Melville Herman","Frassinelli editore",Torino,1941,,Italiano,"Narrativa, Avventura",2023-05-19,Unico,429
430ML23,"La casa degli sguardi ","Mencarelli Daniele","Mondadori editore",Milano,2022,9788804724179,Italiano,"Realistico, Narrativa",2023-05-19,Unico,430
431GL23,"L'egoista ","George Meredith","Giulio Einaudi Editore",Torino,1942,,Italiano,"Dramma, Narrativa",2023-05-19,Unico,431
432MU23,"Uomini erbe salute","Messèguè Maurice","Arnoldo Mondadori editore",Parigi,1971,,Italiano,Autobiografia,2023-05-19,Unico,432
433MO23,Opere,"Metastasio Pietro","Garzanti editore",Italia,1912,8811582369,Italiano,Dramma,2023-05-19,1°,433
434MI23,"Il cinghiale","Mettler Felix","Giulio Einaudi Editore",Torino,1992,8806122347,Italiano,"Narrativa, Giallo/Thriller",2023-05-19,Unico,434
"435M 23"," Sayonara o l'amore impossibile","Michener James Albert","Mondadori-De Agostini",Novara,1986,,Italiano,Narrativa,2023-05-25,Unico,435
436MR23,"Ritorno al paradiso","Michener James Albert",Rizzoli,Milano,1955,,Italiano,Narrativa,2023-05-25,Unico,436
"437M 23"," Breve storia della musica.","Mila Massimo","Einaudi tascabili",Torino,1993,8806133810,Italiano,Saggio,2023-05-25,Unico,437
438MI23,"I giorni di Clichy ","Miller Henry","Longanesi & C",Milano,1977,,Italiano,"Narrativa, Autobiografia",2023-05-25,Unico,438
"439M 23"," Tropico del Cancro","Miller Henry","La biblioteca di Repubblica",Roma,2002,8481304794,Italiano,"Narrativa, Autobiografia",2023-05-25,Unico,439
"440M 23"," Tropico del Cancro","Miller Henry","La biblioteca di Repubblica",Roma,2002,8481304794,Italiano,"Narrativa, Autobiografia, Autobiografia",2023-05-25,Unico,440
"441M 23"," Tropico del Cancro","Miller Henry","La biblioteca di Repubblica",Roma,2002,8481304794,Italiano,"Narrativa, Autobiografia, Autobiografia, Autobiografia",2023-05-25,Unico,441
442WL23,"L'abate Nero","Wallace Edgar","Newton & Compton",Ariccia,2004,8854101087,Italiano,Giallo/Thriller,2023-05-25,Unico,442
443ML23,"Le battaglie fra greci e persiani","Minestrini Walter","Varesina Grafica",Azzate,1973,,Italiano,"Storico, Realistico",2023-05-25,Unico,443
444WF23,"Faccia da Turco","Wallraff Gunter","Tullio Pironti",Salerno,1986,,Italiano,Narrativa,2023-05-25,Unico,444
445WU23,"Un uomo tranquillo","Walsh Maurice","La biblioteca di Repubblica",Barcellona,2003,8497891449,Italiano,Giallo/Thriller,2023-05-25,Unico,445
446WC23,"Caspar Hauser","Wassermann Jakob",Rizzoli,,1961,,Italiano,Storico,2023-05-25,Unico,446
447WL23,"L'età dell'innocenza",Wharton,"Newton & Compton",Milano,1993,8879832565,Italiano,"Sentimentale/Rosa, Narrativa",2023-05-25,Unico,447
448WL23,"L'età dell'innocenza","Wharton Edith","La biblioteca di Repubblica",Barcellona,2003,8497890620,Italiano,"Narrativa, Sentimentale/Rosa",2023-05-25,Unico,448
449MC23,"Confessioni di una maschera","Mishima Yukio","La biblioteca di Repubblica",Roma,2003,8496142426,Italiano,Narrativa,2023-05-25,Unico,449
450WM23,"Madame de Treymes","Wharton Edith","La biblioteca di Repubblica",Ariccia,2011,,Italiano,Narrativa,2023-05-25,Unico,450
451MT23,"Tre metri sopra al cielo","Moccia Federico",Feltrinelli,Milano,2006,8807819341,Italiano,"Sentimentale/Rosa, Narrativa",2023-05-25,Unico,451
452WI23,"Il ritratto di Dorian Gray","Wilde Oscar",RCS,Torino,2002,,Italiano,"Filosofico, Horror",2023-05-25,Unico,452
453MP23,"Per questo ho vissuto","Modiano Sami",Rizzoli,Milano,2014,9788817071253,Italiano,"Realistico, Autobiografia",2023-05-25,Unico,453
454WT23,"The Canterville Ghost and Other Stories","Wilde Oscar","Oxford University Press",,1992,0195854004,Inglese,Horror,2023-05-25,Unico,454
455MM23,Millennio,"Montalbàn Manuel Vàzquez",Feltrinelli,Milano,2004,880770160X,Italiano,Narrativa,2023-05-25,1°,455
456WI23,"Il figlio della notte","Williamson Jack","libra editrice",Bologna,1980,,Italiano,Fantascienza,2023-05-25,Unico,456
457MI23,"Il centravanti è stato assassinato verso sera","Montalbàn Manuel Vàzquez","La biblioteca di Repubblica",Roma,2003,8496200663,Italiano,Narrativa,2023-05-25,Unico,457
458WP23,"Per gioco ma sul serio","Wilson Angus",Feltrinelli,Milano,1969,,Italiano,Narrativa,2023-05-25,Unico,458
459MI23,"Il mercante di lana","Montaldi Valeria","Piemme bestseller","Casale Monferrato",2008,9788838473425,Italiano,Storico,2023-05-25,Unico,459
460MO23,"Ossi di seppia","Montale Eugenio","Oscar mondadori",Milano,1991,8804343591,Italiano,"Raccolta di Poesia",2023-05-25,Unico,460
461WI23,"In carne e ossa","Wolf Christa","Edizioni E/O",Roma,2002,8876414878,Italiano,Narrativa,2023-05-25,Unico,461
462WU23,"Una stanza tutta per sé","Woolf Virginia","La biblioteca di Repubblica",Ariccia,2011,,Italiano,"Saggio, Narrativa",2023-05-25,Unico,462
463MP23,Poesie,"Montale Eugenio","Corriere della sera",Milano,2004,,Italiano,"Raccolta di Poesia",2023-05-25,Unico,463
464WG23,"Gita al Faro","Woolf Virginia","La biblioteca di Repubblica",Barcellona,2002,8481304840,Italiano,Narrativa,2023-05-25,Unico,464
465WG23,"Gita al Faro","Woolf Virginia","La biblioteca di Repubblica",Barcellona,2002,8481304840,Italiano,Narrativa,2023-05-25,Unico,465
466WG23,"Gita al Faro","Woolf Virginia","La biblioteca di Repubblica",Barcellona,2002,8481304840,Italiano,Narrativa,2023-05-25,Unico,466
467ML23,"L'Italia degli anni di fango","Montanelli Indro,Cervi Mario",Rizzoli,Milano,1993,,Italiano,Autobiografia,2023-05-25,Unico,467
468WO23,Orlando,"Woolf Virginia","Newton & Compton",Milano,1994,8879833006,,Storico,2023-05-25,Unico,468
469WU23,"Una stanza tutta per sé","Woolf Virginia","Orsa Maggiore Editrice",Torriana,1995,,Italiano,"Narrativa, Saggio",2023-05-25,Unico,469
470MM23,"Milano ventesimo secolo","Montanelli Indro,Cervi Mario",Rizzoli,Milano,1990,8817427276,Italiano,"Satira, Storico",2023-05-25,Unico,470
471MI23,"Il meglio di ""Controcorrente""","Montanelli Indro ","Fabbri editori",Milano,1995,,Italiano,Satira,2023-05-25,Unico,471
472MQ23,"Quando leggere è un piacere","Montefoschi Giorgio",Mondolibri,Milano,2000,,Italiano,"Satira, Narrativa",2023-05-25,Unico,472
"473M 23"," Eravamo giovani in Vietnam","Moore Hal,Galloway Joseph","Piemme editore","Casale Monferrato",2004,,Italiano,"Autobiografia, Storico",2023-05-25,Unico,473
474FC23,"Cose di cosa nostra","Falcone Giovanni ","Fabbri Editori",Milano,1991,,italiano,"Storico, Saggio",2023-05-25,Unico,474
"475M 23"," Aracoeli","Morante Elsa","Giulio Einaudi Editore",Torino,1982,8806054848,Italiano,Narrativa,2023-05-25,Unico,475
"476M 23"," Aracoeli","Morante Elsa","Giulio Einaudi Editore",Torino,1982,8806054848,Italiano,Narrativa,2023-05-25,Unico,476
"477M 23"," Aracoeli","Morante Elsa","Giulio Einaudi Editore",Torino,1982,8806054848,Italiano,Narrativa,2023-05-25,Unico,477
"478M 23"," Aracoeli","Morante Elsa","Giulio Einaudi Editore",Torino,1982,8806054848,Italiano,Narrativa,2023-05-25,Unico,478
"479M 23"," Aracoeli","Morante Elsa","Giulio Einaudi Editore",Torino,1982,8806054848,Italiano,Narrativa,2023-05-25,Unico,479
"480M 23"," Aracoeli","Morante Elsa","Giulio Einaudi Editore",Torino,1982,8806054848,Italiano,Narrativa,2023-05-25,Unico,480
481ML23,"La storia ","Morante Elsa","La biblioteca di Repubblica",Roma,2002,8481305340,Italiano,Narrativa,2023-05-25,Unico,481
482ML23,"La storia ","Morante Elsa","La biblioteca di Repubblica",Roma,2002,8481305340,Italiano,Narrativa,2023-05-25,Unico,482
483ML23,"La storia ","Morante Elsa","La biblioteca di Repubblica",Roma,2002,8481305340,Italiano,Narrativa,2023-05-25,Unico,483
484FC23,"Cose di cosa nostra","Falcone Giovanni ",supersaggi,Milano,1991,88-17-11601-7,italiano,"Saggio, Storico",2023-05-25,Unico,484
485FC23,"Cose di cosa nostra","Falcone Giovanni ",Rizzoli,Milano,1994,,italiano,"Realistico, Storico",2023-05-25,Unico,485
486ML23,"La storia ","Morante Elsa",Einaudi,Torino,1974,,Italiano,Narrativa,2023-05-25,Unico,486
487MM23,"Menzogna e sortilegio","Morante Elsa","Arnoldo Mondadori editore",Milano,1966,,Italiano,Narrativa,2023-05-25,1°,487
488MA23,Agostino,"Moravia Alberto",Bompiani,Milano,1993,8845206785,Italiano,Narrativa,2023-05-25,Unico,488
489MG23,"Gli indifferenti","Moravia Alberto","La biblioteca di Repubblica",Roma,2002,8481304832,Italiano,Narrativa,2023-05-25,Unico,489
490MG23,"Gli indifferenti","Moravia Alberto",Bompiani,,1993,8845206475,Italiano,Narrativa,2023-05-25,Unico,490
491ML23,"La noia","Moravia Alberto","Corriere della sera",Milano,2003,,Italiano,Narrativa,2023-05-25,Unico,491
492ML23,"L'odissea di due sorelle","Muhsen Zana,Crofts Andrew","Arnoldo Mondadori editore",Milano,1993,"‎ 8804367377",Italiano,"Realistico, Autobiografia",2023-05-25,Unico,492
"493M 23"," I turbamenti del giovane Torless","Musil Robert","La biblioteca di Repubblica",Roma,2002,8481305456,Italiano,Narrativa,2023-05-25,Unico,493
"494M 23"," I turbamenti del giovane Torless","Musil Robert","La biblioteca di Repubblica",Roma,2002,8481305456,Italiano,Narrativa,2023-05-25,Unico,494
495MI23,"Il giovane Torless ","Musil Robert","Newton Compton",Roma,1991,,Italiano,Narrativa,2023-05-25,Unico,495
496MT23,"Tre donne","Musil Robert","Giulio Einaudi Editore",Torino,1979,,Italiano,Narrativa,2023-05-25,Unico,496
497FC23,"Chiedi alla polvere","Fante John","La biblioteca di Repubblica",Roma,2003,88-93142-45-0,italiano,Narrativa,2023-06-01,Unico,497
498MK23,"Katanga pelli di fuoco",Musini,"Società editrice Emiliana",Varese,1961,,Italiano,"Realistico, Narrativa",2023-05-25,Unico,498
499MB23,"Benito Cereno Billy Budd","Melville Herman",Garzanti,Italia,1988,8811580560,Italiano,Narrativa,2023-05-25,Unico,499
500FS23,Soledad,"Fasanotti Pier Mario",Marietti,Genova,1988,8821162095,Italiano,Narrativa,2023-06-01,Unico,500
501FL23,"L'urlo e il furore","Faulkner William","La biblioteca di Repubblica",Roma,2002,8481305375,Italiano,"Realistico, Narrativa",2023-06-01,Unico,501
502FL23,"L'urlo e il furore","Faulkner William","La biblioteca di Repubblica",Roma,2002,8481305375,Italiano,"Realistico, Narrativa, Narrativa",2023-06-01,Unico,502
503FO23,"Oggi si vola","Faulkner William","Mondadori-De Agostini",Novara,1986,,Italiano,Narrativa,2023-06-01,Unico,503
504FA23,"Amici Ahrarara ","Fichi D'India",Mondadori,Milano,1999,88-04-49204-X,italiano,Commedia,2023-06-01,Unico,504
"505F 23"," Il partigiano Johnny","Fenoglio Beppe","La biblioteca di Repubblica",Roma,2003,8497890124,Italiano,Narrativa,2023-06-01,Unico,505
506FI23,"Il partigiano Johnny","Fenoglio Beppe","Mondadori-De Agostini",Novara,1986,,Italiano,Narrativa,2023-06-01,Unico,506
507FG23,"Gioacchino ","Fumagalli Carlo ","Varesina Grafica Editrice",Italia,1971,,italiano,Narrativa,2023-06-01,Unico,507
508FI23,"Il partigiano Johnny","Fenoglio Beppe",Einaudi,Torino,2022,9788806253097,Italiano,Narrativa,2023-06-01,Unico,508
509FC23,"Cambio di pelle","Fuentes Carlos",Feltrinelli,Milano,1967,,italiano,Narrativa,2023-06-01,Unico,509
510FL23,"L'amica geniale","Ferrante Elena","E/O Edizioni",Roma,2011,9788866320326,Italiano,Narrativa,2023-06-01,1°,510
511FL23,"La donna della domenica","Fruttero e Lucentini","La biblioteca di Repubblica",Roma,2003,84-96200-65-5,italiano,"Narrativa, Giallo/Thriller",2023-06-01,Unico,511
513FL23,"La donna della domenica","Fruttero e Lucentini","La biblioteca di Repubblica",Roma,2003,84-96200-65-5,italiano,"Narrativa, Giallo/Thriller, Giallo/Thriller",2023-06-01,Unico,513
514FN23,"Nietzsche e la volontà di potenza","Ferraris Maurizio","La biblioteca di Repubblica",Roma,2011,,Italiano,Filosofico,2023-06-01,Unico,514
515FL23,"La donna della domenica","Fruttero e Lucentini",Mondadori,Milano,1975,,italiano,"Narrativa, Giallo/Thriller",2023-06-01,Unico,515
516FL23,"La mala Italia","Ferrero Ernesto",Rizzoli,Milano,1973,,Italiano,"Realistico, Narrativa",2023-06-01,Unico,516
"517 P23","Psicanalisi della società contemporanea"," Fromm Erich ","Edizioni di Comunità",Milano,1981,,italiano,"Realistico, Divulgazione Scientifica",2023-06-01,Unico,517
518FN23,N.,"Ferrero Ernesto","Giulio Einaudi Editore",Torino,2000,,Italiano,Narrativa,2023-06-01,Unico,518
519FL23,"L'amore per la vita","Fromm Erich",Mondadori,Milano,1984,,italiano,"Narrativa, Divulgazione Scientifica",2023-06-01,Unico,519
"520F 23"," Il grande libro del piccolo Tashi","Fienberg Anna, Fienberg Barbara","Piemme editore",Milano,2007,9788838485084,Italiano,"Narrativa, Avventura",2023-06-01,Unico,520
"521F 23"," Il vizio oscuro dell'Occidente","Fini Massimo",Marsilio,Venezia,2004,8831781758,Italiano,"Realistico, Divulgazione Scientifica",2023-06-01,Unico,521
522FI23,"Il linguaggio Dimenticato","Fromm Erich","Fabbri Editori",Milano,1961,,italiano,"Divulgazione Scientifica",2023-06-01,Unico,522
523FA23,"Aristotele, Einstein e gli altri","Fischer Ernst Peter","Raffaello Cortina editore",Milano,1997,,Italiano,"Divulgazione Scientifica",2023-06-01,Unico,523
524FI23,"Il libro di sani gesualdi","Frassica Nino",Longanesi,Milano,1985,,italiano,Commedia,2023-06-01,Unico,524
525FM23,"Misericordia et miseria","Fisichella Rino","San Paolo",Milano,2016,9788892210561,Italiano,Realistico,2023-06-01,Unico,525
526FL23,"La filosofia prima dei greci","Frankfort H.A.",Einaudi,Torino,1963,,italiano,"Filosofico, Storico",2023-06-01,Unico,526
527FD23,Diario,"Frank Anna",Einaudi,Torino,1990,88-06-11755-6,italiano,"Storico, Saggio",2023-06-01,Unico,527
"528F 23"," Il grande Gatsby","Fitzgerald Francis Scott","La biblioteca di Repubblica",Roma,2002,8481304875,Italiano,"Tragedia, Narrativa",2023-06-01,Unico,528
"529F 23"," Il grande Gatsby","Fitzgerald Francis Scott","La biblioteca di Repubblica",Roma,2002,8481304875,Italiano,"Tragedia, Narrativa, Narrativa",2023-06-01,Unico,529
530FL23,"Lo Strangolatore di Boston","Frank Gerold",dall'Aglio,Milano,1975,,italiano,"Realistico, Giallo/Thriller",2023-06-01,Unico,530
531FT23,"Tales of crime and detection","Floulds David","Oxford University Press",London,1992,0-19-585399-7,inglese,Giallo/Thriller,2023-06-01,Unico,531
532FB23,"Belli e dannati","Fitzgerald Francis Scott","Oscar mondadori",Milano,1976,,Italiano,"Narrativa, Tragedia",2023-06-01,Unico,532
533FU23,"Una e una notte","Flaiano Ennio",Bompiani,Milano,1959,,Italiano,Narrativa,2023-06-01,Unico,533
534FU23,"Ultime lettere di Jacopo Ortis","Foscolo Ugo","Tascabili Bompiani",Milano,1998,,italiano,Narrativa,2023-06-01,Unico,534
535FM23,"Madame Bovary","Flaubert Gustave","Bruno Mondadori",Milano,2001,8842431079,Italiano,"Realistico, Narrativa",2023-06-01,Unico,535
536FC23,"Contro vento","Fogar Ambrogio",Rizzoli,Milano,2005,8817006645,Italiano,"Realistico, Autobiografia",2023-06-01,Unico,536
"537 I23","Il giorno dello sciacallo"," Forsyth Frederick","La biblioteca di Repubblica",Roma,2003,84-96200-63-9,italiano,"Storia Locale, Giallo/Thriller",2023-06-01,Unico,537
538FP23,"Piccolo mondo antico","Fogazzaro Antonio ","La spiga",Milano,1994,8871005155,Italiano,Narrativa,2023-06-01,Unico,538
539FP23,"Piccolo mondo antico","Fogazzaro Antonio ","Arnoldo Mondadori editore",Verona,1962,,Italiano,Narrativa,2023-06-01,Unico,539
540FI23,"Il forattone","Forattini Giorgio",Mondadori,Milano,1996,,italiano,Commedia,2023-06-01,Unico,540
541FT23,Tennis,"Fonzi Bruno",Einaudi,Torino,1973,,italiano,Narrativa,2023-06-01,Unico,541
542FE23,"Effi Briest","Fontane Theodor",Garzanti,Milano,1981,88-416-1925-2,italiano,Narrativa,2023-06-01,Unico,542
543FJ23,"Jenny Treibel","Fontane Theodor",Marietti,Genova,1987,88-211-6194-9,italiano,"Narrativa, Storico",2023-06-01,Unico,543
544FI23,"Il mistero degli studi Kellerman","Follett Ken","La biblioteca di Repubblica",Roma,2015,,italiano,Narrativa,2023-06-01,Unico,544
545ZI23,"Ipocrita 1943","Zavattini Cesare ",Bompiani,Milano,1955,,italiano,"Umoristico, Distopia",2023-06-01,Unico,545
546ZL23,"La notte della Repubblica","Zavoli Sergio ",Mondadori,Milano,1992,88-04-40190-7,italiano,Realistico,2023-06-01,Unico,546
547ZT23,"Tutto può cambiare ","Zhvalevskij Andrej ",Guinti,Milano,2015,,italiano,Commedia,2023-06-07,Unico,547
548ZL23,"L'rresistibile fascino del tempo","Zichichi Antonio",Mondolibri,Milano,2000,,italiano,"Divulgazione Scientifica",2023-06-01,Unico,548
